day,date,temp_c,rainfall_mm,humidity_pct
1,46266,24.4,0.0,77.0
2,46267,25.9,0.0,74.7
3,46268,24.5,0.0,72.1
4,46269,26.0,0.0,76.3
5,46270,24.6,22.9,73.2
6,46271,26.1,0.0,69.9
7,46272,27.6,26.2,66.4
8,46273,26.0,0.0,69.7
9,46274,27.4,0.0,65.9
10,46275,25.8,0.0,62.0
11,46276,27.2,0.0,65.0
12,46277,28.5,21.8,61.0
13,46278,26.8,0.0,57.0
14,46279,28.1,25.1,53.1
15,46280,26.3,0.0,56.3
16,46281,27.5,0.0,52.6
17,46282,28.6,0.0,49.1
18,46283,26.7,0.0,52.8
19,46284,27.8,20.7,49.7
20,46285,25.8,0.0,46.9
21,46286,26.8,24.0,44.3
22,46287,27.8,0.0,49.0
23,46288,25.7,0.0,47.0
24,46289,26.6,0.0,45.3
25,46290,24.5,0.0,50.9
26,46291,25.4,19.6,49.7
27,46292,26.2,0.0,48.8
28,46293,24.1,22.9,48.1
29,46294,24.9,0.0,54.6
30,46295,22.7,0.0,54.3
31,46296,23.6,0.0,54.1
32,46297,24.4,0.0,61.1
33,46298,22.3,18.5,61.0
34,46299,23.1,0.0,61.0
35,46300,21.0,21.8,61.0
36,46301,21.9,0.0,67.9
37,46302,22.8,0.0,67.7
38,46303,20.8,0.0,67.4
39,46304,21.7,0.0,73.9
40,46305,19.7,17.4,73.2
41,46306,20.8,0.0,72.3
42,46307,21.8,20.7,71.1
43,46308,20.0,0.0,76.7
44,46309,21.1,0.0,75.0
45,46310,19.3,0.0,73.0
46,46311,20.5,0.0,77.7
47,46312,21.8,16.3,75.1
48,46313,20.1,0.0,72.3
49,46314,21.4,19.6,69.2
50,46315,19.8,0.0,72.9
51,46316,21.2,0.0,69.4
52,46317,22.7,0.0,65.7
53,46318,21.1,0.0,68.8
54,46319,22.6,15.2,64.9
55,46320,21.1,0.0,60.9
56,46321,22.7,18.5,56.9
57,46322,24.2,0.0,60.0
58,46323,22.8,0.0,56.1
59,46324,24.3,0.0,52.2
60,46325,22.9,0.0,55.6
